iter,obj,volfrac,c,mag,smooth,ud,penalty,beta
1,1.972509812572805,0.4501660026873725,1.371185102608583,0.20264942997466348,1.813450288105969e-37,0.9999999899537806,1.0,1.0
2,1.9725182809811492,0.4501599650674301,1.3711962844450745,0.20264400311836897,1.8134259509475717e-37,0.9999999899537807,1.0,1.0
3,2.623804617011691,0.3543269518737758,2.061030817834946,0.1255476083997091,1.4273718852271343e-37,0.9999999899537804,1.5,3.0
4,2.6220597103149643,0.3544922111741711,2.059233218819395,0.12565730956721555,1.2540231643580328e-12,0.9999956734239233,1.5,3.0
5,2.603991152180394,0.35612816552747445,2.0416644025785327,0.12658845861327941,3.073281785426029e-10,0.9980650405904421,1.5,3.0
6,2.1056809944764487,0.36472915913228665,1.9314681650002865,0.12476049056579926,1.3356971027005176e-07,0.2236651683865256,1.5,3.0
7,1.8138074346446473,0.35152251448663063,1.736298921085373,0.09272308056030011,1.0763345093945412e-05,0.06229394655824871,1.5,3.0
8,1.563157690748459,0.38088668297868494,1.4681723947391652,0.10761572909566883,1.3269594247434622e-05,0.08235486292291914,1.5,3.0
9,0.9614304958483157,0.37240355297258204,0.9160746034099506,0.05268609402664193,0.00040404695754515897,0.03802569085008831,1.5,3.0
10,0.49115479777428284,0.3663819854770153,0.46828111695402985,0.037531933611210225,0.0013168248325573987,0.0082154280292958,1.5,3.0
11,0.6257590713387504,0.3847817720935463,0.4636905918318525,0.04232751109583162,0.0015026672053782325,0.28180944791796403,1.5,3.0
12,0.5556756406960909,0.3962553527687015,0.4328349809754619,0.026287732362194123,0.0013885541332569126,0.21939358707906373,1.5,3.0
13,0.524304624510272,0.3746659356143123,0.4479037249111322,0.030481667889082492,0.0013148750375898072,0.12232013130919729,1.5,3.0
14,0.5027606669493587,0.36926446423426146,0.4543296091448069,0.033926984129398825,0.001309018643618407,0.06293513147970488,1.5,3.0
15,0.493360593414756,0.3675281667413739,0.45875520178519313,0.035824569625845286,0.001311472526807305,0.0333862136332805,1.5,3.0
16,0.4901131722723305,0.3668723796214334,0.46188799906402095,0.036741995108538386,0.001313772861994831,0.019708351308080716,1.5,3.0
17,0.48939199008208073,0.3670887873071283,0.4613943998886903,0.03670724007851842,0.0013136759067116676,0.019287940308262367,1.5,3.0
18,0.48183419370551595,0.3697619752939634,0.455770100367843,0.03620153177379003,0.0013141982356928998,0.015926654901555815,1.5,3.0
19,0.4346779371686536,0.3925330877176111,0.41528975801700374,0.03228411200041153,0.0013477425043519375,0.006492246302888252,1.5,3.0
20,0.4015700952904987,0.3957892530169714,0.36036706654558437,0.06151415918342959,0.0016318411262896337,0.02089189830639905,1.5,3.0
21,0.3868877061624723,0.39941620541759837,0.3498893740509444,0.06479148525747576,0.0022331265430816467,0.009205178965580058,1.5,3.0
22,0.3601257540945295,0.3999088637070676,0.3236689312590881,0.06520884466850213,0.0022909231572885726,0.007704801002380658,1.5,3.0
23,0.3322036650524919,0.39864404578890783,0.2947380652620732,0.06860716770279104,0.0019240481653759085,0.006324031878046289,1.5,3.0
24,0.3066800677549238,0.3996718813614285,0.27125402918798325,0.06489611079825844,0.0019779889231451935,0.005955966335622643,1.5,3.0
25,0.34156791516710316,0.39775497782982994,0.3035537411498624,0.0662135924253498,0.0033133484551829337,0.009814755609131679,1.5,3.0
26,0.3108641101560105,0.39972939943796953,0.27522162974995973,0.06448106010244896,0.0023331764327114103,0.00680390070965268,1.5,3.0
27,0.300379193052268,0.3999688780589514,0.2650479674561947,0.06465103633869901,0.0021690885097410064,0.006011414853447701,1.5,3.0
28,0.2955217598899432,0.399993933854335,0.2601686805321446,0.06461860340620261,0.002230608068526253,0.006087555309394649,1.5,3.0
29,0.29022617350255386,0.39981667693436873,0.2547344303912301,0.06448762871249217,0.0025756771438516473,0.006495857510155368,1.5,3.0
30,0.29335541504164336,0.3983668346401604,0.25609056544962233,0.06583966565709011,0.004502996242786534,0.008690033526951933,1.5,3.0
31,0.2895864288472778,0.3995484571803025,0.2544064718779012,0.06375146914488178,0.003250489000898758,0.006608444793871322,1.5,3.0
32,0.27456964100413184,0.3998958518827573,0.240095235141404,0.062496288358696604,0.00334913959298599,0.006452523366759056,1.5,3.0
33,0.27306214897661135,0.3992726913876199,0.24089456940463347,0.055435122852993714,0.004440244344730443,0.00890003629096211,1.5,3.0
34,0.2551319676220476,0.3995961055090894,0.22365491968223522,0.055412375886596886,0.004545692454355503,0.0075417199930278315,1.5,3.0
35,0.2506959946700685,0.39974669925221196,0.22070941505809868,0.051947055314279435,0.004604213073136829,0.008026103909660177,1.5,3.0
36,0.24667044086591988,0.39991700128624397,0.21720828769767211,0.05108696999235398,0.0048296469361881825,0.007837336344141584,1.5,3.0
37,0.24443690699869006,0.3999489418093545,0.21536814598310403,0.050175736488611074,0.004863931699490434,0.00796178554256098,1.5,3.0
38,0.2396578398712389,0.39943732400516535,0.21262062567920018,0.04392210263585839,0.005750285260842847,0.010152325748219075,1.5,3.0
39,0.23695261023042036,0.39942749090479607,0.21074549039735832,0.04386593446698431,0.00567527578234468,0.008548305199139817,1.5,3.0
40,0.23250111429439804,0.39982602289810315,0.20676052117153257,0.04291551234939263,0.005991176365188088,0.00856567389633834,1.5,3.0
41,0.23041471484697212,0.3999547963960079,0.2048493580279764,0.042622843710383836,0.005986104876030837,0.008507869927607619,1.5,3.0
42,0.22992241752891618,0.3995952661306045,0.20434041342818196,0.041021651425928236,0.006500029837357114,0.010142356775540205,1.5,3.0
43,0.25048615195183827,0.3895039810337214,0.2208794367206941,0.05102997308264902,0.0058101492123655545,0.008183457379639273,2.0,5.0
44,0.2504354762413455,0.38954402624025847,0.22083793011221442,0.051009676947741125,0.005811077801806317,0.008185415310520977,2.0,5.0
45,0.24993417545334615,0.38994370550706864,0.22042798963277696,0.05080747813983962,0.005820408318781403,0.008204893501298785,2.0,5.0
46,0.2435778311267477,0.3955709600353526,0.21534854144372553,0.04802044350738709,0.005982955882557991,0.008438135858657212,2.0,5.0
47,0.2398532358604849,0.3992098243960119,0.21266859781373823,0.0459656368468298,0.006433580428763419,0.008403639246663534,2.0,5.0
48,0.23815959236959067,0.3995784534375917,0.21089117852900635,0.045793557963233276,0.006310424480108827,0.008743269717935372,2.0,5.0
49,0.23711575514049463,0.39991381203406134,0.2099635832774682,0.04560024643302213,0.006389880448448296,0.008704097293030707,2.0,5.0
50,0.23681317085369172,0.39998438672167913,0.20966007491556524,0.04555304299054209,0.006394614657715554,0.008753148885710878,2.0,5.0
51,0.23543393626097234,0.3998686217140903,0.2084997940949016,0.04520734383589703,0.006595831248992224,0.008660940496244426,2.0,5.0
52,0.25895254690403535,0.3992692471991256,0.233142205876893,0.04270157354772274,0.007088547434463061,0.008919108506562003,2.0,5.0
53,0.2431123163288485,0.3999279899109001,0.2163698971806336,0.044725226465495385,0.006684136897958567,0.008759611830934412,2.0,5.0
54,0.23519207433742545,0.3999981798494499,0.20826566484797385,0.04510876384191723,0.006570266475385907,0.00874405513698598,2.0,5.0
55,0.23491696349791924,0.3999993609535274,0.20804956517616968,0.04505736733074323,0.006629854701739375,0.008677429312755865,2.0,5.0
56,0.23478934394553894,0.3999996804651944,0.2079178838092456,0.04503909968099647,0.006620000945978891,0.008703820591590172,2.0,5.0
57,0.23369392466209155,0.3999710122552543,0.20704029839697952,0.0446951708144357,0.006778238806582066,0.008612081715788344,2.0,5.0
58,0.2478827770246557,0.3995391119697209,0.2227792372450758,0.04183844679554416,0.007331149697364362,0.008368632763615613,2.0,5.0
59,0.23369070921118099,0.3999580872783429,0.20728508773399473,0.044195582640027584,0.0068669433723526725,0.008615660314344924,2.0,5.0
60,0.2340603636974914,0.3999853058403439,0.20791699310768047,0.04395781387424189,0.007036856355564816,0.008328927305379907,2.0,5.0
61,0.23202427339282022,0.39999747955792575,0.20575094345998707,0.0441024300953248,0.0069799462238835505,0.00844422977034148,2.0,5.0
62,0.23183263071907,0.3999993408289478,0.20557590711797052,0.04405982200944858,0.0069789791753070195,0.008453625192750393,2.0,5.0
63,0.230230597854505,0.3999517300367744,0.20438896504454157,0.04341325197286035,0.00716473686351714,0.008270013647066529,2.0,5.0
64,0.23825026714604444,0.39948999301624194,0.21521712067794743,0.0388854981149668,0.008282519401074767,0.007180794821227253,2.0,5.0
65,0.2338040410621326,0.3999027925491791,0.20870753915933615,0.04223323602293154,0.007337860266741474,0.007959767782661336,2.0,5.0
66,0.2300670222937371,0.3999904416559044,0.20448669612109246,0.043120588385392095,0.007312107650922996,0.008040063959897176,2.0,5.0
67,0.2293529139442545,0.3999971006322919,0.20374463513598803,0.043052782730662514,0.007245502792780209,0.008163774885870407,2.0,5.0
68,0.22903353706102159,0.3999986978688742,0.2035346176772854,0.04296428094810097,0.0073238367676659215,0.008033557819371427,2.0,5.0
69,0.22880927208587895,0.3999993776158781,0.20332075310253675,0.0429231836011087,0.007313678740490633,0.0080538543655757,2.0,5.0
70,0.22706977615481327,0.3999560318909886,0.20210426389525518,0.04216863673154419,0.007523909525032483,0.007762387787572,2.0,5.0
71,0.23939111508987193,0.399544913439716,0.21774085206610816,0.03618691190822196,0.0083444313424222,0.007113614139305543,2.0,5.0
72,0.22676723061297657,0.39992447289257554,0.2024299589975878,0.04099938304889776,0.007573875969982217,0.007675160181879723,2.0,5.0
73,0.22808134758303053,0.39996685378330055,0.2041251130912083,0.04046075149566398,0.007697753896130127,0.007451717487980502,2.0,5.0
74,0.22436134845065586,0.39999496129472584,0.20030049045907236,0.0407933351832237,0.007813781127205275,0.007328380799943288,2.0,5.0
75,0.2240156699497622,0.3999982245483703,0.1999823786059055,0.040710781762088685,0.007802037436620627,0.007355800925624631,2.0,5.0
76,0.22159583433452176,0.3999150195637811,0.1985107957049244,0.03912942061928355,0.00810584987887349,0.007040656639911208,2.0,5.0
77,0.24714399167585455,0.3994159965616483,0.22830353277659543,0.030620733611385755,0.008962858080075829,0.0070601841871324855,2.0,5.0
78,0.22225565829156915,0.39987798193081514,0.2002435237352486,0.03690716164507262,0.00813359464291848,0.0071171074675685205,2.0,5.0
79,0.22063137442333858,0.39996890022114034,0.19790826886481916,0.038413758751177085,0.008135223652987762,0.007032452365861732,2.0,5.0
80,0.2258872045332527,0.3996594075395686,0.20580091677089085,0.0333187172956898,0.008808277042058698,0.006853858229033867,2.0,5.0
81,0.2196512765977192,0.3999278711522349,0.19785522299891697,0.03682223891537468,0.008417329501814936,0.006769868282229833,2.0,5.0
82,0.2172365944478994,0.39995962247551686,0.19578623992048338,0.036174792130403935,0.008392274965832558,0.006725916924428078,2.0,5.0
83,0.21708551433102363,0.40726084831222203,0.19311285034297093,0.041660116004052755,0.008416688509940361,0.006285211972052694,2.5,7.0
84,0.21711990751580224,0.4072154295954714,0.19313880206041034,0.0416781989651738,0.008414564540963997,0.006284011945610029,2.5,7.0
85,0.22155370881362874,0.4105171366463366,0.19642071322522286,0.04411440567268366,0.008433433236347846,0.006151585504128108,3.0,8.0
86,0.22159676691225888,0.41046696631807833,0.1964544995565045,0.04413439579355304,0.008430953867188465,0.0061501389179557,3.0,8.0
